id,time,value
1,2026:06:22 13:59:58,33.4
2,2026:06:22 13:59:58,474.3
3,2026:06:22 13:59:58,769.8
1,2026:06:22 14:00:58,467.6
2,2026:06:22 14:00:58,638.5
3,2026:06:22 14:00:58,121.5
1,2026:06:22 14:01:58,473.4
2,2026:06:22 14:01:58,287.5
3,2026:06:22 14:01:58,321.8
1,2026:06:22 14:02:58,558.2
2,2026:06:22 14:02:58,731.6
3,2026:06:22 14:02:58,13.5
1,2026:06:22 14:03:58,326.9
2,2026:06:22 14:03:58,479.2
3,2026:06:22 14:03:58,550.1
1,2026:06:22 14:04:58,600.8
2,2026:06:22 14:04:58,368.7
3,2026:06:22 14:04:58,83.9
1,2026:06:22 14:05:58,302.1
2,2026:06:22 14:05:58,330.7
3,2026:06:22 14:05:58,272.7
1,2026:06:22 14:06:58,381.8
2,2026:06:22 14:06:58,497.2
3,2026:06:22 14:06:58,517.3
1,2026:06:22 14:07:58,714.2
2,2026:06:22 14:07:58,200.6
3,2026:06:22 14:07:58,795.2
1,2026:06:22 14:08:58,453.3
2,2026:06:22 14:08:58,45.3
3,2026:06:22 14:08:58,780.9
1,2026:06:22 14:09:58,351.2
2,2026:06:22 14:09:58,289.6
3,2026:06:22 14:09:58,581.7
1,2026:06:22 14:10:58,700.3
2,2026:06:22 14:10:58,155.7
3,2026:06:22 14:10:58,179.2
1,2026:06:22 14:11:58,265.3
2,2026:06:22 14:11:58,643.3
3,2026:06:22 14:11:58,31.9
1,2026:06:22 14:12:58,320.3
2,2026:06:22 14:12:58,640.6
3,2026:06:22 14:12:58,610.6
1,2026:06:22 14:13:58,709.6
2,2026:06:22 14:13:58,402.4
3,2026:06:22 14:13:58,124.6
1,2026:06:22 14:14:58,54.4
2,2026:06:22 14:14:58,134.5
3,2026:06:22 14:14:58,193.7
1,2026:06:22 14:15:58,120.1
2,2026:06:22 14:15:58,642.3
3,2026:06:22 14:15:58,446.7
1,2026:06:22 14:16:58,310.2
2,2026:06:22 14:16:58,570.4
3,2026:06:22 14:16:58,32.4
1,2026:06:22 14:17:58,9.2
2,2026:06:22 14:17:58,174.7
3,2026:06:22 14:17:58,427.1
1,2026:06:22 14:18:58,371.6
2,2026:06:22 14:18:58,408.1
3,2026:06:22 14:18:58,135.5
1,2026:06:22 14:19:58,662.0
2,2026:06:22 14:19:58,85.3
3,2026:06:22 14:19:58,514.2
1,2026:06:22 14:20:58,677.9
2,2026:06:22 14:20:58,260.7
3,2026:06:22 14:20:58,212.4
1,2026:06:22 14:21:58,293.7
2,2026:06:22 14:21:58,355.1
3,2026:06:22 14:21:58,662.1
1,2026:06:22 14:22:58,409.1
2,2026:06:22 14:22:58,437.8
3,2026:06:22 14:22:58,14.1
1,2026:06:22 14:23:58,202.7
2,2026:06:22 14:23:58,788.4
3,2026:06:22 14:23:58,497.7
1,2026:06:22 14:24:58,496.1
2,2026:06:22 14:24:58,430.9
3,2026:06:22 14:24:58,758.2
1,2026:06:22 14:25:58,376.4
2,2026:06:22 14:25:58,585.4
3,2026:06:22 14:25:58,745.3
1,2026:06:22 14:26:58,353.4
2,2026:06:22 14:26:58,171.1
3,2026:06:22 14:26:58,489.2
1,2026:06:22 14:27:58,59.4
2,2026:06:22 14:27:58,604.5
3,2026:06:22 14:27:58,546.0
1,2026:06:22 14:28:58,438.0
2,2026:06:22 14:28:58,729.4
3,2026:06:22 14:28:58,277.7
1,2026:06:22 14:29:58,688.2
2,2026:06:22 14:29:58,370.3
3,2026:06:22 14:29:58,35.7
1,2026:06:22 14:30:58,314.3
2,2026:06:22 14:30:58,527.0
3,2026:06:22 14:30:58,582.7
1,2026:06:22 14:31:58,610.5
2,2026:06:22 14:31:58,10.4
3,2026:06:22 14:31:58,374.8
1,2026:06:22 14:32:58,317.8
2,2026:06:22 14:32:58,297.4
3,2026:06:22 14:32:58,373.3
1,2026:06:22 14:33:58,676.3
2,2026:06:22 14:33:58,720.3
3,2026:06:22 14:33:58,420.7
1,2026:06:22 14:34:58,643.7
2,2026:06:22 14:34:58,87.9
3,2026:06:22 14:34:58,755.7
1,2026:06:22 14:35:58,111.4
2,2026:06:22 14:35:58,448.3
3,2026:06:22 14:35:58,709.8
1,2026:06:22 14:36:58,292.4
2,2026:06:22 14:36:58,654.1
3,2026:06:22 14:36:58,235.4
1,2026:06:22 14:37:58,22.5
2,2026:06:22 14:37:58,656.5
3,2026:06:22 14:37:58,574.6
1,2026:06:22 14:38:58,460.6
2,2026:06:22 14:38:58,486.1
3,2026:06:22 14:38:58,590.7
1,2026:06:22 14:39:58,665.9
2,2026:06:22 14:39:58,745.5
3,2026:06:22 14:39:58,698.4
1,2026:06:22 14:40:58,64.3
2,2026:06:22 14:40:58,436.5
3,2026:06:22 14:40:58,124.8
1,2026:06:22 14:41:58,207.8
2,2026:06:22 14:41:58,720.8
3,2026:06:22 14:41:58,34.9
1,2026:06:22 14:42:58,177.9
2,2026:06:22 14:42:58,396.7
3,2026:06:22 14:42:58,16.8
1,2026:06:22 14:43:58,371.8
2,2026:06:22 14:43:58,306.7
3,2026:06:22 14:43:58,195.5
1,2026:06:22 14:44:58,225.4
2,2026:06:22 14:44:58,600.8
3,2026:06:22 14:44:58,754.0
1,2026:06:22 14:45:58,737.9
2,2026:06:22 14:45:58,286.3
3,2026:06:22 14:45:58,39.7
1,2026:06:22 14:46:58,181.1
2,2026:06:22 14:46:58,537.5
3,2026:06:22 14:46:58,172.9
1,2026:06:22 14:47:58,644.6
2,2026:06:22 14:47:58,160.7
3,2026:06:22 14:47:58,325.9
1,2026:06:22 14:48:58,45.4
2,2026:06:22 14:48:58,52.7
3,2026:06:22 14:48:58,208.9
1,2026:06:22 14:49:58,729.5
2,2026:06:22 14:49:58,275.4
3,2026:06:22 14:49:58,450.9
1,2026:06:22 14:50:58,8.8
2,2026:06:22 14:50:58,384.7
3,2026:06:22 14:50:58,198.1
1,2026:06:22 14:51:58,312.7
2,2026:06:22 14:51:58,419.7
3,2026:06:22 14:51:58,220.3
1,2026:06:22 14:52:58,338.7
2,2026:06:22 14:52:58,278.6
3,2026:06:22 14:52:58,300.1
1,2026:06:22 14:53:58,593.3
2,2026:06:22 14:53:58,675.1
3,2026:06:22 14:53:58,435.1
1,2026:06:22 14:54:58,702.2
2,2026:06:22 14:54:58,394.5
3,2026:06:22 14:54:58,104.6
1,2026:06:22 14:55:58,36.5
2,2026:06:22 14:55:58,56.9
3,2026:06:22 14:55:58,206.0
1,2026:06:22 14:56:58,496.5
2,2026:06:22 14:56:58,163.0
3,2026:06:22 14:56:58,629.5
1,2026:06:22 14:57:58,183.6
2,2026:06:22 14:57:58,796.8
3,2026:06:22 14:57:58,131.6
1,2026:06:22 14:58:58,456.8
2,2026:06:22 14:58:58,118.3
3,2026:06:22 14:58:58,115.9
1,2026:06:22 14:59:58,609.6
2,2026:06:22 14:59:58,797.8
3,2026:06:22 14:59:58,697.6
1,2026:06:22 15:00:58,523.4
2,2026:06:22 15:00:58,210.3
3,2026:06:22 15:00:58,756.6
1,2026:06:22 15:01:58,500.4
2,2026:06:22 15:01:58,131.3
3,2026:06:22 15:01:58,386.0
1,2026:06:22 15:02:58,765.5
2,2026:06:22 15:02:58,702.3
3,2026:06:22 15:02:58,300.5
1,2026:06:22 15:03:58,674.0
2,2026:06:22 15:03:58,646.2
3,2026:06:22 15:03:58,252.4
1,2026:06:22 15:04:58,713.0
2,2026:06:22 15:04:58,216.1
3,2026:06:22 15:04:58,639.9
1,2026:06:22 15:05:58,393.6
2,2026:06:22 15:05:58,121.5
3,2026:06:22 15:05:58,562.5
1,2026:06:22 15:06:58,192.3
2,2026:06:22 15:06:58,716.4
3,2026:06:22 15:06:58,791.9
1,2026:06:22 15:07:58,759.6
2,2026:06:22 15:07:58,559.0
3,2026:06:22 15:07:58,246.8
1,2026:06:22 15:08:58,616.8
2,2026:06:22 15:08:58,117.8
3,2026:06:22 15:08:58,229.1
1,2026:06:22 15:09:58,120.5
2,2026:06:22 15:09:58,401.8
3,2026:06:22 15:09:58,463.2
1,2026:06:22 15:10:58,468.2
2,2026:06:22 15:10:58,657.0
3,2026:06:22 15:10:58,477.7
1,2026:06:22 15:11:58,287.1
2,2026:06:22 15:11:58,455.6
3,2026:06:22 15:11:58,281.9
1,2026:06:22 15:12:58,115.6
2,2026:06:22 15:12:58,262.5
3,2026:06:22 15:12:58,726.9
1,2026:06:22 15:13:58,83.8
2,2026:06:22 15:13:58,229.6
3,2026:06:22 15:13:58,770.3
1,2026:06:22 15:14:58,340.0
2,2026:06:22 15:14:58,574.8
3,2026:06:22 15:14:58,701.0
1,2026:06:22 15:15:58,422.4
2,2026:06:22 15:15:58,798.3
3,2026:06:22 15:15:58,81.9
1,2026:06:22 15:16:58,322.1
2,2026:06:22 15:16:58,153.4
3,2026:06:22 15:16:58,206.9
1,2026:06:22 15:17:58,346.9
2,2026:06:22 15:17:58,251.7
3,2026:06:22 15:17:58,304.7
1,2026:06:22 15:18:58,104.6
2,2026:06:22 15:18:58,418.0
3,2026:06:22 15:18:58,426.6
1,2026:06:22 15:19:58,222.8
2,2026:06:22 15:19:58,219.6
3,2026:06:22 15:19:58,260.1
1,2026:06:22 15:20:58,263.0
2,2026:06:22 15:20:58,181.5
3,2026:06:22 15:20:58,583.5
1,2026:06:22 15:21:58,272.2
2,2026:06:22 15:21:58,516.7
3,2026:06:22 15:21:58,135.4
1,2026:06:22 15:22:58,456.6
2,2026:06:22 15:22:58,77.9
3,2026:06:22 15:22:58,534.7
1,2026:06:22 15:23:58,68.6
2,2026:06:22 15:23:58,132.4
3,2026:06:22 15:23:58,192.8
1,2026:06:22 15:24:58,184.6
2,2026:06:22 15:24:58,104.7
3,2026:06:22 15:24:58,407.1
1,2026:06:22 15:25:58,367.6
2,2026:06:22 15:25:58,236.3
3,2026:06:22 15:25:58,110.9
1,2026:06:22 15:26:58,596.0
2,2026:06:22 15:26:58,270.2
3,2026:06:22 15:26:58,541.0
1,2026:06:22 15:27:58,48.6
2,2026:06:22 15:27:58,326.3
3,2026:06:22 15:27:58,611.8
1,2026:06:22 15:28:58,105.8
2,2026:06:22 15:28:58,5.2
3,2026:06:22 15:28:58,541.3
1,2026:06:22 15:29:58,585.7
2,2026:06:22 15:29:58,502.9
3,2026:06:22 15:29:58,54.1
1,2026:06:22 15:30:58,519.7
2,2026:06:22 15:30:58,700.5
3,2026:06:22 15:30:58,104.4
1,2026:06:22 15:31:58,587.2
2,2026:06:22 15:31:58,217.5
3,2026:06:22 15:31:58,776.3
1,2026:06:22 15:32:58,730.9
2,2026:06:22 15:32:58,303.0
3,2026:06:22 15:32:58,12.1
1,2026:06:22 15:33:58,168.0
2,2026:06:22 15:33:58,263.9
3,2026:06:22 15:33:58,262.5
1,2026:06:22 15:34:58,332.8
2,2026:06:22 15:34:58,578.9
3,2026:06:22 15:34:58,12.7
1,2026:06:22 15:35:58,107.8
2,2026:06:22 15:35:58,310.0
3,2026:06:22 15:35:58,274.3
1,2026:06:22 15:36:58,113.2
2,2026:06:22 15:36:58,41.2
3,2026:06:22 15:36:58,744.3
1,2026:06:22 15:37:58,366.7
2,2026:06:22 15:37:58,477.3
3,2026:06:22 15:37:58,675.0
1,2026:06:22 15:38:58,735.7
2,2026:06:22 15:38:58,632.0
3,2026:06:22 15:38:58,457.3
1,2026:06:22 15:39:58,370.4
2,2026:06:22 15:39:58,665.9
3,2026:06:22 15:39:58,760.3
1,2026:06:22 15:40:58,186.9
2,2026:06:22 15:40:58,159.8
3,2026:06:22 15:40:58,304.3
1,2026:06:22 15:41:58,12.2
2,2026:06:22 15:41:58,233.6
3,2026:06:22 15:41:58,129.3
1,2026:06:22 15:42:58,195.6
2,2026:06:22 15:42:58,323.8
3,2026:06:22 15:42:58,122.8
1,2026:06:22 15:43:58,525.3
2,2026:06:22 15:43:58,658.8
3,2026:06:22 15:43:58,114.6
1,2026:06:22 15:44:58,634.5
2,2026:06:22 15:44:58,528.2
3,2026:06:22 15:44:58,542.1
1,2026:06:22 15:45:58,112.7
2,2026:06:22 15:45:58,73.0
3,2026:06:22 15:45:58,521.6
1,2026:06:22 15:46:58,536.2
2,2026:06:22 15:46:58,792.6
3,2026:06:22 15:46:58,723.6
1,2026:06:22 15:47:58,428.1
2,2026:06:22 15:47:58,123.9
3,2026:06:22 15:47:58,625.1
1,2026:06:22 15:48:58,36.8
2,2026:06:22 15:48:58,276.4
3,2026:06:22 15:48:58,169.7
1,2026:06:22 15:49:58,411.8
2,2026:06:22 15:49:58,359.6
3,2026:06:22 15:49:58,335.6
1,2026:06:22 15:50:58,339.1
2,2026:06:22 15:50:58,120.4
3,2026:06:22 15:50:58,55.5
1,2026:06:22 15:51:58,352.0
2,2026:06:22 15:51:58,79.3
3,2026:06:22 15:51:58,772.8
1,2026:06:22 15:52:58,632.2
2,2026:06:22 15:52:58,559.1
3,2026:06:22 15:52:58,653.7
1,2026:06:22 15:53:58,543.8
2,2026:06:22 15:53:58,606.9
3,2026:06:22 15:53:58,754.6
1,2026:06:22 15:54:58,387.4
2,2026:06:22 15:54:58,440.3
3,2026:06:22 15:54:58,21.9
1,2026:06:22 15:55:58,652.0
2,2026:06:22 15:55:58,620.1
3,2026:06:22 15:55:58,34.2
1,2026:06:22 15:56:58,436.4
2,2026:06:22 15:56:58,428.5
3,2026:06:22 15:56:58,657.4
1,2026:06:22 15:57:58,332.1
2,2026:06:22 15:57:58,762.0
3,2026:06:22 15:57:58,559.4
1,2026:06:22 15:58:58,508.5
2,2026:06:22 15:58:58,620.5
3,2026:06:22 15:58:58,666.2
1,2026:06:22 15:59:58,513.8
2,2026:06:22 15:59:58,599.6
3,2026:06:22 15:59:58,191.6
1,2026:06:22 16:00:58,139.9
2,2026:06:22 16:00:58,385.5
3,2026:06:22 16:00:58,67.1
1,2026:06:22 16:01:58,519.6
2,2026:06:22 16:01:58,397.4
3,2026:06:22 16:01:58,736.4
1,2026:06:22 16:02:58,729.3
2,2026:06:22 16:02:58,271.7
3,2026:06:22 16:02:58,78.6
1,2026:06:22 16:03:58,530.1
2,2026:06:22 16:03:58,126.3
3,2026:06:22 16:03:58,557.5
1,2026:06:22 16:04:58,609.2
2,2026:06:22 16:04:58,131.1
3,2026:06:22 16:04:58,43.7
1,2026:06:22 16:05:58,226.9
2,2026:06:22 16:05:58,628.8
3,2026:06:22 16:05:58,522.8
1,2026:06:22 16:06:58,43.1
2,2026:06:22 16:06:58,104.3
3,2026:06:22 16:06:58,9.5
1,2026:06:22 16:07:58,575.2
2,2026:06:22 16:07:58,546.9
3,2026:06:22 16:07:58,586.4
1,2026:06:22 16:08:58,44.0
2,2026:06:22 16:08:58,130.8
3,2026:06:22 16:08:58,164.0
1,2026:06:22 16:09:58,696.5
2,2026:06:22 16:09:58,247.6
3,2026:06:22 16:09:58,483.2
1,2026:06:22 16:10:58,145.4
2,2026:06:22 16:10:58,295.2
3,2026:06:22 16:10:58,675.6
1,2026:06:22 16:11:58,689.3
2,2026:06:22 16:11:58,49.0
3,2026:06:22 16:11:58,579.5
1,2026:06:22 16:12:58,413.4
2,2026:06:22 16:12:58,377.1
3,2026:06:22 16:12:58,392.9
1,2026:06:22 16:13:58,606.1
2,2026:06:22 16:13:58,302.0
3,2026:06:22 16:13:58,474.9
1,2026:06:22 16:14:58,611.8
2,2026:06:22 16:14:58,407.4
3,2026:06:22 16:14:58,668.1
1,2026:06:22 16:15:58,335.7
2,2026:06:22 16:15:58,128.1
3,2026:06:22 16:15:58,10.6
1,2026:06:22 16:16:58,254.3
2,2026:06:22 16:16:58,131.7
3,2026:06:22 16:16:58,533.1
1,2026:06:22 16:17:58,435.0
2,2026:06:22 16:17:58,534.4
3,2026:06:22 16:17:58,401.8
1,2026:06:22 16:18:58,762.0
2,2026:06:22 16:18:58,702.8
3,2026:06:22 16:18:58,611.9
1,2026:06:22 16:19:58,158.8
2,2026:06:22 16:19:58,97.1
3,2026:06:22 16:19:58,594.9
1,2026:06:22 16:20:58,222.6
2,2026:06:22 16:20:58,297.2
3,2026:06:22 16:20:58,240.6
1,2026:06:22 16:21:58,100.1
2,2026:06:22 16:21:58,688.3
3,2026:06:22 16:21:58,260.2
1,2026:06:22 16:22:58,176.8
2,2026:06:22 16:22:58,719.8
3,2026:06:22 16:22:58,463.2
1,2026:06:22 16:23:58,384.5
2,2026:06:22 16:23:58,369.5
3,2026:06:22 16:23:58,679.4
1,2026:06:22 16:24:58,457.7
2,2026:06:22 16:24:58,51.9
3,2026:06:22 16:24:58,677.2
1,2026:06:22 16:25:58,410.7
2,2026:06:22 16:25:58,157.3
3,2026:06:22 16:25:58,713.4
1,2026:06:22 16:26:58,148.4
2,2026:06:22 16:26:58,792.8
3,2026:06:22 16:26:58,601.2
1,2026:06:22 16:27:58,372.5
2,2026:06:22 16:27:58,228.2
3,2026:06:22 16:27:58,153.8
1,2026:06:22 16:28:58,417.8
2,2026:06:22 16:28:58,59.7
3,2026:06:22 16:28:58,714.6
1,2026:06:22 16:29:58,294.0
2,2026:06:22 16:29:58,181.5
3,2026:06:22 16:29:58,544.0
1,2026:06:22 16:30:58,589.0
2,2026:06:22 16:30:58,331.4
3,2026:06:22 16:30:58,297.3
1,2026:06:22 16:31:58,362.3
2,2026:06:22 16:31:58,67.3
3,2026:06:22 16:31:58,249.5
1,2026:06:22 16:32:58,632.1
2,2026:06:22 16:32:58,195.9
3,2026:06:22 16:32:58,35.1
1,2026:06:22 16:33:58,605.5
2,2026:06:22 16:33:58,124.2
3,2026:06:22 16:33:58,103.9
1,2026:06:22 16:34:58,660.0
2,2026:06:22 16:34:58,431.3
3,2026:06:22 16:34:58,745.7
1,2026:06:22 16:35:58,545.6
2,2026:06:22 16:35:58,335.7
3,2026:06:22 16:35:58,776.5
1,2026:06:22 16:36:58,562.6
2,2026:06:22 16:36:58,26.0
3,2026:06:22 16:36:58,66.9
1,2026:06:22 16:37:58,228.9
2,2026:06:22 16:37:58,416.3
3,2026:06:22 16:37:58,641.0
1,2026:06:22 16:38:58,7.0
2,2026:06:22 16:38:58,110.0
3,2026:06:22 16:38:58,102.1
1,2026:06:22 16:39:58,564.8
2,2026:06:22 16:39:58,271.1
3,2026:06:22 16:39:58,426.7
1,2026:06:22 16:40:58,66.0
2,2026:06:22 16:40:58,183.6
3,2026:06:22 16:40:58,355.0
1,2026:06:22 16:41:58,461.7
2,2026:06:22 16:41:58,689.8
3,2026:06:22 16:41:58,43.3
1,2026:06:22 16:42:58,215.3
2,2026:06:22 16:42:58,364.2
3,2026:06:22 16:42:58,252.8
1,2026:06:22 16:43:58,743.5
2,2026:06:22 16:43:58,425.2
3,2026:06:22 16:43:58,746.5
1,2026:06:22 16:44:58,703.9
2,2026:06:22 16:44:58,774.3
3,2026:06:22 16:44:58,119.9
1,2026:06:22 16:45:58,684.9
2,2026:06:22 16:45:58,545.2
3,2026:06:22 16:45:58,295.5
1,2026:06:22 16:46:58,16.8
2,2026:06:22 16:46:58,388.4
3,2026:06:22 16:46:58,681.7
1,2026:06:22 16:47:58,147.0
2,2026:06:22 16:47:58,377.2
3,2026:06:22 16:47:58,57.8
1,2026:06:22 16:48:58,749.9
2,2026:06:22 16:48:58,435.6
3,2026:06:22 16:48:58,746.3
1,2026:06:22 16:49:58,627.1
2,2026:06:22 16:49:58,541.7
3,2026:06:22 16:49:58,25.8
1,2026:06:22 16:50:58,552.8
2,2026:06:22 16:50:58,727.5
3,2026:06:22 16:50:58,681.7
1,2026:06:22 16:51:58,630.4
2,2026:06:22 16:51:58,585.9
3,2026:06:22 16:51:58,368.1
1,2026:06:22 16:52:58,453.5
2,2026:06:22 16:52:58,598.5
3,2026:06:22 16:52:58,281.8
1,2026:06:22 16:53:58,377.2
2,2026:06:22 16:53:58,799.0
3,2026:06:22 16:53:58,499.6
1,2026:06:22 16:54:58,393.8
2,2026:06:22 16:54:58,326.9
3,2026:06:22 16:54:58,250.4
1,2026:06:22 16:55:58,422.0
2,2026:06:22 16:55:58,689.0
3,2026:06:22 16:55:58,593.6
1,2026:06:22 16:56:58,280.0
2,2026:06:22 16:56:58,67.2
3,2026:06:22 16:56:58,413.5
1,2026:06:22 16:57:58,422.3
2,2026:06:22 16:57:58,624.0
3,2026:06:22 16:57:58,43.0
1,2026:06:22 16:58:58,427.2
2,2026:06:22 16:58:58,654.4
3,2026:06:22 16:58:58,649.0
1,2026:06:22 16:59:58,157.0
2,2026:06:22 16:59:58,386.3
3,2026:06:22 16:59:58,397.1
1,2026:06:22 17:00:58,726.2
2,2026:06:22 17:00:58,539.9
3,2026:06:22 17:00:58,164.6
1,2026:06:22 17:01:58,182.2
2,2026:06:22 17:01:58,289.1
3,2026:06:22 17:01:58,339.3
1,2026:06:22 17:02:58,412.1
2,2026:06:22 17:02:58,125.3
3,2026:06:22 17:02:58,601.4
1,2026:06:22 17:03:58,150.2
2,2026:06:22 17:03:58,242.1
3,2026:06:22 17:03:58,228.8
1,2026:06:22 17:04:58,69.2
2,2026:06:22 17:04:58,69.2
3,2026:06:22 17:04:58,127.9
1,2026:06:22 17:05:58,23.3
2,2026:06:22 17:05:58,524.5
3,2026:06:22 17:05:58,337.8
1,2026:06:22 17:06:58,684.6
2,2026:06:22 17:06:58,499.8
3,2026:06:22 17:06:58,277.0
1,2026:06:22 17:07:58,728.9
2,2026:06:22 17:07:58,770.2
3,2026:06:22 17:07:58,728.3
1,2026:06:22 17:08:58,287.5
2,2026:06:22 17:08:58,268.7
3,2026:06:22 17:08:58,19.6
1,2026:06:22 17:09:58,0.3
2,2026:06:22 17:09:58,434.9
3,2026:06:22 17:09:58,232.1
1,2026:06:22 17:10:58,713.3
2,2026:06:22 17:10:58,710.2
3,2026:06:22 17:10:58,157.5
1,2026:06:22 17:11:58,267.9
2,2026:06:22 17:11:58,413.4
3,2026:06:22 17:11:58,184.2
1,2026:06:22 17:12:58,251.9
2,2026:06:22 17:12:58,115.0
3,2026:06:22 17:12:58,333.2
1,2026:06:22 17:13:58,6.2
2,2026:06:22 17:13:58,563.7
3,2026:06:22 17:13:58,161.6
1,2026:06:22 17:14:58,602.7
2,2026:06:22 17:14:58,18.7
3,2026:06:22 17:14:58,260.0
1,2026:06:22 17:15:58,653.7
2,2026:06:22 17:15:58,536.4
3,2026:06:22 17:15:58,710.2
1,2026:06:22 17:16:58,369.0
2,2026:06:22 17:16:58,429.5
3,2026:06:22 17:16:58,479.3
1,2026:06:22 17:17:58,600.0
2,2026:06:22 17:17:58,460.3
3,2026:06:22 17:17:58,774.3
1,2026:06:22 17:18:58,441.9
2,2026:06:22 17:18:58,477.9
3,2026:06:22 17:18:58,653.0
1,2026:06:22 17:19:58,719.2
2,2026:06:22 17:19:58,441.1
3,2026:06:22 17:19:58,160.6
1,2026:06:22 17:20:58,254.9
2,2026:06:22 17:20:58,542.8
3,2026:06:22 17:20:58,653.4
1,2026:06:22 17:21:58,348.6
2,2026:06:22 17:21:58,525.7
3,2026:06:22 17:21:58,787.9
1,2026:06:22 17:22:58,13.3
2,2026:06:22 17:22:58,609.6
3,2026:06:22 17:22:58,731.3
1,2026:06:22 17:23:58,293.6
2,2026:06:22 17:23:58,389.2
3,2026:06:22 17:23:58,328.5
1,2026:06:22 17:24:58,53.4
2,2026:06:22 17:24:58,559.7
3,2026:06:22 17:24:58,1.0
1,2026:06:22 17:25:58,577.2
2,2026:06:22 17:25:58,40.9
3,2026:06:22 17:25:58,662.7
1,2026:06:22 17:26:58,391.8
2,2026:06:22 17:26:58,259.6
3,2026:06:22 17:26:58,168.3
1,2026:06:22 17:27:58,668.9
2,2026:06:22 17:27:58,252.9
3,2026:06:22 17:27:58,450.3
1,2026:06:22 17:28:58,504.1
2,2026:06:22 17:28:58,552.7
3,2026:06:22 17:28:58,229.6
1,2026:06:22 17:29:58,335.0
2,2026:06:22 17:29:58,242.1
3,2026:06:22 17:29:58,553.6
1,2026:06:22 17:30:58,3.6
2,2026:06:22 17:30:58,236.4
3,2026:06:22 17:30:58,654.3
1,2026:06:22 17:31:58,120.4
2,2026:06:22 17:31:58,654.7
3,2026:06:22 17:31:58,769.1
1,2026:06:22 17:32:58,680.0
2,2026:06:22 17:32:58,389.2
3,2026:06:22 17:32:58,533.5
1,2026:06:22 17:33:58,47.2
2,2026:06:22 17:33:58,38.0
3,2026:06:22 17:33:58,360.9
1,2026:06:22 17:34:58,465.4
2,2026:06:22 17:34:58,7.7
3,2026:06:22 17:34:58,19.2
1,2026:06:22 17:35:58,612.5
2,2026:06:22 17:35:58,729.3
3,2026:06:22 17:35:58,723.5
1,2026:06:22 17:36:58,232.1
2,2026:06:22 17:36:58,626.0
3,2026:06:22 17:36:58,712.2
1,2026:06:22 17:37:58,436.3
2,2026:06:22 17:37:58,665.9
3,2026:06:22 17:37:58,292.1
1,2026:06:22 17:38:58,639.8
2,2026:06:22 17:38:58,566.7
3,2026:06:22 17:38:58,480.0
1,2026:06:22 17:39:58,362.9
2,2026:06:22 17:39:58,703.3
3,2026:06:22 17:39:58,514.4
1,2026:06:22 17:40:58,259.5
2,2026:06:22 17:40:58,595.6
3,2026:06:22 17:40:58,179.4
1,2026:06:22 17:41:58,135.7
2,2026:06:22 17:41:58,251.5
3,2026:06:22 17:41:58,651.9
1,2026:06:22 17:42:58,705.5
2,2026:06:22 17:42:58,426.0
3,2026:06:22 17:42:58,210.6
1,2026:06:22 17:43:58,54.6
2,2026:06:22 17:43:58,73.6
3,2026:06:22 17:43:58,63.6
1,2026:06:22 17:44:58,233.6
2,2026:06:22 17:44:58,705.0
3,2026:06:22 17:44:58,140.1
1,2026:06:22 17:45:58,328.3
2,2026:06:22 17:45:58,550.7
3,2026:06:22 17:45:58,375.4
1,2026:06:22 17:46:58,10.4
2,2026:06:22 17:46:58,7.1
3,2026:06:22 17:46:58,680.1
1,2026:06:22 17:47:58,757.9
2,2026:06:22 17:47:58,532.3
3,2026:06:22 17:47:58,79.1
1,2026:06:22 17:48:58,716.9
2,2026:06:22 17:48:58,275.9
3,2026:06:22 17:48:58,405.3
1,2026:06:22 17:49:58,24.4
2,2026:06:22 17:49:58,209.6
3,2026:06:22 17:49:58,758.8
1,2026:06:22 17:50:58,372.9
2,2026:06:22 17:50:58,399.2
3,2026:06:22 17:50:58,174.3
1,2026:06:22 17:51:58,285.5
2,2026:06:22 17:51:58,419.0
3,2026:06:22 17:51:58,650.0
1,2026:06:22 17:52:58,691.8
2,2026:06:22 17:52:58,420.5
3,2026:06:22 17:52:58,410.2
1,2026:06:22 17:53:58,790.0
2,2026:06:22 17:53:58,514.6
3,2026:06:22 17:53:58,754.8
1,2026:06:22 17:54:58,388.4
2,2026:06:22 17:54:58,214.1
3,2026:06:22 17:54:58,576.6
1,2026:06:22 17:55:58,216.4
2,2026:06:22 17:55:58,284.4
3,2026:06:22 17:55:58,372.4
1,2026:06:22 17:56:58,420.4
2,2026:06:22 17:56:58,44.7
3,2026:06:22 17:56:58,398.9
1,2026:06:22 17:57:58,308.4
2,2026:06:22 17:57:58,599.5
3,2026:06:22 17:57:58,345.9
1,2026:06:22 17:58:58,256.0
2,2026:06:22 17:58:58,395.5
3,2026:06:22 17:58:58,565.2
1,2026:06:22 17:59:58,784.7
2,2026:06:22 17:59:58,369.6
3,2026:06:22 17:59:58,153.4
1,2026:06:22 18:00:58,217.7
2,2026:06:22 18:00:58,643.9
3,2026:06:22 18:00:58,70.6
1,2026:06:22 18:01:58,217.9
2,2026:06:22 18:01:58,691.5
3,2026:06:22 18:01:58,728.2
1,2026:06:22 18:02:58,627.3
2,2026:06:22 18:02:58,253.5
3,2026:06:22 18:02:58,741.4
1,2026:06:22 18:03:58,670.7
2,2026:06:22 18:03:58,172.1
3,2026:06:22 18:03:58,405.4
1,2026:06:22 18:04:58,453.1
2,2026:06:22 18:04:58,400.9
3,2026:06:22 18:04:58,716.2
1,2026:06:22 18:05:58,784.6
2,2026:06:22 18:05:58,799.3
3,2026:06:22 18:05:58,440.9
1,2026:06:22 18:06:58,585.8
2,2026:06:22 18:06:58,67.3
3,2026:06:22 18:06:58,665.4
1,2026:06:22 18:07:58,33.5
2,2026:06:22 18:07:58,26.8
3,2026:06:22 18:07:58,49.0
1,2026:06:22 18:08:58,60.7
2,2026:06:22 18:08:58,456.4
3,2026:06:22 18:08:58,56.3
1,2026:06:22 18:09:58,467.4
2,2026:06:22 18:09:58,13.4
3,2026:06:22 18:09:58,676.2
1,2026:06:22 18:10:58,207.5
2,2026:06:22 18:10:58,271.9
3,2026:06:22 18:10:58,320.8
1,2026:06:22 18:11:58,624.1
2,2026:06:22 18:11:58,92.3
3,2026:06:22 18:11:58,396.6
1,2026:06:22 18:12:58,627.7
2,2026:06:22 18:12:58,616.0
3,2026:06:22 18:12:58,517.0
1,2026:06:22 18:13:58,780.9
2,2026:06:22 18:13:58,669.2
3,2026:06:22 18:13:58,690.6
1,2026:06:22 18:14:58,658.0
2,2026:06:22 18:14:58,415.0
3,2026:06:22 18:14:58,123.3
1,2026:06:22 18:15:58,168.2
2,2026:06:22 18:15:58,444.5
3,2026:06:22 18:15:58,620.5
1,2026:06:22 18:16:58,384.0
2,2026:06:22 18:16:58,321.1
3,2026:06:22 18:16:58,501.0
1,2026:06:22 18:17:58,338.3
2,2026:06:22 18:17:58,282.0
3,2026:06:22 18:17:58,19.2
1,2026:06:22 18:18:58,34.4
2,2026:06:22 18:18:58,475.8
3,2026:06:22 18:18:58,255.1
1,2026:06:22 18:19:58,505.1
2,2026:06:22 18:19:58,293.6
3,2026:06:22 18:19:58,68.7
1,2026:06:22 18:20:58,329.3
2,2026:06:22 18:20:58,319.9
3,2026:06:22 18:20:58,277.5
1,2026:06:22 18:21:58,352.7
2,2026:06:22 18:21:58,467.1
3,2026:06:22 18:21:58,36.9
1,2026:06:22 18:22:58,579.3
2,2026:06:22 18:22:58,683.1
3,2026:06:22 18:22:58,35.2
1,2026:06:22 18:23:58,458.3
2,2026:06:22 18:23:58,255.3
3,2026:06:22 18:23:58,72.9
1,2026:06:22 18:24:58,341.6
2,2026:06:22 18:24:58,176.5
3,2026:06:22 18:24:58,627.1
1,2026:06:22 18:25:58,177.3
2,2026:06:22 18:25:58,286.8
3,2026:06:22 18:25:58,649.1
1,2026:06:22 18:26:58,597.4
2,2026:06:22 18:26:58,250.7
3,2026:06:22 18:26:58,239.9
1,2026:06:22 18:27:58,7.2
2,2026:06:22 18:27:58,56.1
3,2026:06:22 18:27:58,402.9
1,2026:06:22 18:28:58,378.5
2,2026:06:22 18:28:58,390.5
3,2026:06:22 18:28:58,415.9
1,2026:06:22 18:29:58,24.2
2,2026:06:22 18:29:58,447.9
3,2026:06:22 18:29:58,315.9
1,2026:06:22 18:30:58,603.0
2,2026:06:22 18:30:58,771.7
3,2026:06:22 18:30:58,739.5
1,2026:06:22 18:31:58,378.2
2,2026:06:22 18:31:58,440.0
3,2026:06:22 18:31:58,680.7
1,2026:06:22 18:32:58,773.6
2,2026:06:22 18:32:58,416.7
3,2026:06:22 18:32:58,489.4
1,2026:06:22 18:33:58,793.8
2,2026:06:22 18:33:58,278.4
3,2026:06:22 18:33:58,105.1
1,2026:06:22 18:34:58,463.9
2,2026:06:22 18:34:58,283.6
3,2026:06:22 18:34:58,22.6
1,2026:06:22 18:35:58,374.4
2,2026:06:22 18:35:58,284.8
3,2026:06:22 18:35:58,277.8
1,2026:06:22 18:36:58,311.6
2,2026:06:22 18:36:58,23.6
3,2026:06:22 18:36:58,24.4
1,2026:06:22 18:37:58,363.8
2,2026:06:22 18:37:58,797.1
3,2026:06:22 18:37:58,323.2
1,2026:06:22 18:38:58,493.6
2,2026:06:22 18:38:58,552.7
3,2026:06:22 18:38:58,328.0
1,2026:06:22 18:39:58,229.5
2,2026:06:22 18:39:58,96.9
3,2026:06:22 18:39:58,336.9
1,2026:06:22 18:40:58,530.5
2,2026:06:22 18:40:58,309.4
3,2026:06:22 18:40:58,159.7
1,2026:06:22 18:41:58,269.7
2,2026:06:22 18:41:58,258.9
3,2026:06:22 18:41:58,549.0
1,2026:06:22 18:42:58,362.9
2,2026:06:22 18:42:58,748.0
3,2026:06:22 18:42:58,383.3
1,2026:06:22 18:43:58,352.9
2,2026:06:22 18:43:58,149.5
3,2026:06:22 18:43:58,719.5
1,2026:06:22 18:44:58,262.4
2,2026:06:22 18:44:58,194.5
3,2026:06:22 18:44:58,772.2
1,2026:06:22 18:45:58,220.4
2,2026:06:22 18:45:58,755.3
3,2026:06:22 18:45:58,308.7
1,2026:06:22 18:46:58,176.4
2,2026:06:22 18:46:58,317.8
3,2026:06:22 18:46:58,383.5
1,2026:06:22 18:47:58,536.3
2,2026:06:22 18:47:58,11.7
3,2026:06:22 18:47:58,778.8
1,2026:06:22 18:48:58,635.2
2,2026:06:22 18:48:58,747.9
3,2026:06:22 18:48:58,272.2
1,2026:06:22 18:49:58,324.6
2,2026:06:22 18:49:58,662.5
3,2026:06:22 18:49:58,282.5
1,2026:06:22 18:50:58,210.4
2,2026:06:22 18:50:58,15.9
3,2026:06:22 18:50:58,715.6
1,2026:06:22 18:51:58,361.5
2,2026:06:22 18:51:58,155.3
3,2026:06:22 18:51:58,377.8
1,2026:06:22 18:52:58,738.3
2,2026:06:22 18:52:58,175.7
3,2026:06:22 18:52:58,92.2
1,2026:06:22 18:53:58,777.0
2,2026:06:22 18:53:58,589.6
3,2026:06:22 18:53:58,61.0
1,2026:06:22 18:54:58,456.2
2,2026:06:22 18:54:58,343.0
3,2026:06:22 18:54:58,622.7
1,2026:06:22 18:55:58,704.6
2,2026:06:22 18:55:58,387.5
3,2026:06:22 18:55:58,527.4
1,2026:06:22 18:56:58,550.6
2,2026:06:22 18:56:58,630.1
3,2026:06:22 18:56:58,769.0
1,2026:06:22 18:57:58,173.2
2,2026:06:22 18:57:58,94.2
3,2026:06:22 18:57:58,571.8
1,2026:06:22 18:58:58,394.5
2,2026:06:22 18:58:58,27.1
3,2026:06:22 18:58:58,484.8
1,2026:06:22 18:59:58,709.6
2,2026:06:22 18:59:58,96.6
3,2026:06:22 18:59:58,253.5
1,2026:06:22 19:00:58,26.0
2,2026:06:22 19:00:58,636.5
3,2026:06:22 19:00:58,514.8
1,2026:06:22 19:01:58,146.8
2,2026:06:22 19:01:58,394.9
3,2026:06:22 19:01:58,373.9
1,2026:06:22 19:02:58,27.3
2,2026:06:22 19:02:58,555.9
3,2026:06:22 19:02:58,616.3
1,2026:06:22 19:03:58,761.2
2,2026:06:22 19:03:58,434.3
3,2026:06:22 19:03:58,655.3
1,2026:06:22 19:04:58,759.6
2,2026:06:22 19:04:58,88.0
3,2026:06:22 19:04:58,92.9
1,2026:06:22 19:05:58,621.9
2,2026:06:22 19:05:58,259.2
3,2026:06:22 19:05:58,1.7
1,2026:06:22 19:06:58,648.6
2,2026:06:22 19:06:58,255.1
3,2026:06:22 19:06:58,522.9
1,2026:06:22 19:07:58,644.4
2,2026:06:22 19:07:58,317.1
3,2026:06:22 19:07:58,488.4
1,2026:06:22 19:08:58,577.1
2,2026:06:22 19:08:58,332.1
3,2026:06:22 19:08:58,91.7
1,2026:06:22 19:09:58,647.2
2,2026:06:22 19:09:58,673.4
3,2026:06:22 19:09:58,768.5
1,2026:06:22 19:10:58,287.7
2,2026:06:22 19:10:58,42.6
3,2026:06:22 19:10:58,698.4
1,2026:06:22 19:11:58,489.7
2,2026:06:22 19:11:58,652.4
3,2026:06:22 19:11:58,145.6
1,2026:06:22 19:12:58,728.8
2,2026:06:22 19:12:58,503.7
3,2026:06:22 19:12:58,429.2
1,2026:06:22 19:13:58,309.3
2,2026:06:22 19:13:58,291.1
3,2026:06:22 19:13:58,100.8
1,2026:06:22 19:14:58,20.8
2,2026:06:22 19:14:58,48.5
3,2026:06:22 19:14:58,657.7
1,2026:06:22 19:15:58,701.4
2,2026:06:22 19:15:58,294.3
3,2026:06:22 19:15:58,234.6
1,2026:06:22 19:16:58,260.4
2,2026:06:22 19:16:58,98.2
3,2026:06:22 19:16:58,301.2
1,2026:06:22 19:17:58,366.8
2,2026:06:22 19:17:58,660.1
3,2026:06:22 19:17:58,254.2
1,2026:06:22 19:18:58,273.7
2,2026:06:22 19:18:58,658.3
3,2026:06:22 19:18:58,124.0
1,2026:06:22 19:19:58,730.5
2,2026:06:22 19:19:58,153.6
3,2026:06:22 19:19:58,384.2
1,2026:06:22 19:20:58,554.9
2,2026:06:22 19:20:58,557.7
3,2026:06:22 19:20:58,135.6
1,2026:06:22 19:21:58,240.7
2,2026:06:22 19:21:58,23.7
3,2026:06:22 19:21:58,133.7
1,2026:06:22 19:22:58,796.4
2,2026:06:22 19:22:58,693.4
3,2026:06:22 19:22:58,379.9
1,2026:06:22 19:23:58,781.1
2,2026:06:22 19:23:58,184.0
3,2026:06:22 19:23:58,217.4
1,2026:06:22 19:24:58,25.5
2,2026:06:22 19:24:58,54.7
3,2026:06:22 19:24:58,491.2
1,2026:06:22 19:25:58,458.2
2,2026:06:22 19:25:58,751.3
3,2026:06:22 19:25:58,176.5
1,2026:06:22 19:26:58,6.1
2,2026:06:22 19:26:58,152.5
3,2026:06:22 19:26:58,550.2
1,2026:06:22 19:27:58,288.6
2,2026:06:22 19:27:58,69.6
3,2026:06:22 19:27:58,3.3
1,2026:06:22 19:28:58,623.8
2,2026:06:22 19:28:58,646.6
3,2026:06:22 19:28:58,31.8
1,2026:06:22 19:29:58,617.7
2,2026:06:22 19:29:58,739.4
3,2026:06:22 19:29:58,573.6
1,2026:06:22 19:30:58,408.4
2,2026:06:22 19:30:58,496.1
3,2026:06:22 19:30:58,757.3
1,2026:06:22 19:31:58,689.4
2,2026:06:22 19:31:58,223.5
3,2026:06:22 19:31:58,146.7
1,2026:06:22 19:32:58,505.7
2,2026:06:22 19:32:58,0.9
3,2026:06:22 19:32:58,698.4
1,2026:06:22 19:33:58,496.4
2,2026:06:22 19:33:58,85.1
3,2026:06:22 19:33:58,691.3
1,2026:06:22 19:34:58,54.7
2,2026:06:22 19:34:58,752.0
3,2026:06:22 19:34:58,365.1
1,2026:06:22 19:35:58,223.6
2,2026:06:22 19:35:58,15.4
3,2026:06:22 19:35:58,269.0
1,2026:06:22 19:36:58,75.7
2,2026:06:22 19:36:58,738.6
3,2026:06:22 19:36:58,496.1
1,2026:06:22 19:37:58,20.7
2,2026:06:22 19:37:58,687.9
3,2026:06:22 19:37:58,160.9
1,2026:06:22 19:38:58,409.2
2,2026:06:22 19:38:58,218.1
3,2026:06:22 19:38:58,625.7
1,2026:06:22 19:39:58,328.6
2,2026:06:22 19:39:58,200.8
3,2026:06:22 19:39:58,651.8
1,2026:06:22 19:40:58,215.4
2,2026:06:22 19:40:58,179.4
3,2026:06:22 19:40:58,491.8
1,2026:06:22 19:41:58,494.5
2,2026:06:22 19:41:58,705.7
3,2026:06:22 19:41:58,277.9
1,2026:06:22 19:42:58,750.8
2,2026:06:22 19:42:58,552.4
3,2026:06:22 19:42:58,435.9
1,2026:06:22 19:43:58,282.1
2,2026:06:22 19:43:58,640.8
3,2026:06:22 19:43:58,402.3
1,2026:06:22 19:44:58,331.3
2,2026:06:22 19:44:58,545.7
3,2026:06:22 19:44:58,2.8
1,2026:06:22 19:45:58,258.9
2,2026:06:22 19:45:58,272.7
3,2026:06:22 19:45:58,195.5
1,2026:06:22 19:46:58,418.6
2,2026:06:22 19:46:58,425.5
3,2026:06:22 19:46:58,198.9
1,2026:06:22 19:47:58,791.3
2,2026:06:22 19:47:58,248.0
3,2026:06:22 19:47:58,329.9
1,2026:06:22 19:48:58,745.1
2,2026:06:22 19:48:58,320.1
3,2026:06:22 19:48:58,629.6
1,2026:06:22 19:49:58,624.2
2,2026:06:22 19:49:58,475.0
3,2026:06:22 19:49:58,616.0
1,2026:06:22 19:50:58,588.5
2,2026:06:22 19:50:58,367.3
3,2026:06:22 19:50:58,780.5
1,2026:06:22 19:51:58,6.7
2,2026:06:22 19:51:58,417.9
3,2026:06:22 19:51:58,203.9
1,2026:06:22 19:52:58,451.8
2,2026:06:22 19:52:58,140.0
3,2026:06:22 19:52:58,86.0
1,2026:06:22 19:53:58,770.6
2,2026:06:22 19:53:58,218.2
3,2026:06:22 19:53:58,167.1
1,2026:06:22 19:54:58,790.2
2,2026:06:22 19:54:58,313.2
3,2026:06:22 19:54:58,326.2
1,2026:06:22 19:55:58,758.3
2,2026:06:22 19:55:58,100.5
3,2026:06:22 19:55:58,253.0
1,2026:06:22 19:56:58,518.0
2,2026:06:22 19:56:58,576.0
3,2026:06:22 19:56:58,56.4
1,2026:06:22 19:57:58,202.6
2,2026:06:22 19:57:58,456.4
3,2026:06:22 19:57:58,364.2
1,2026:06:22 19:58:58,639.1
2,2026:06:22 19:58:58,91.8
3,2026:06:22 19:58:58,581.3
1,2026:06:22 19:59:58,406.0
2,2026:06:22 19:59:58,724.8
3,2026:06:22 19:59:58,688.7
1,2026:06:22 20:00:58,607.5
2,2026:06:22 20:00:58,373.4
3,2026:06:22 20:00:58,466.3
1,2026:06:22 20:01:58,63.3
2,2026:06:22 20:01:58,297.8
3,2026:06:22 20:01:58,7.5
1,2026:06:22 20:02:58,8.0
2,2026:06:22 20:02:58,179.0
3,2026:06:22 20:02:58,368.3
1,2026:06:22 20:03:58,471.4
2,2026:06:22 20:03:58,214.6
3,2026:06:22 20:03:58,235.7
1,2026:06:22 20:04:58,615.6
2,2026:06:22 20:04:58,51.5
3,2026:06:22 20:04:58,738.3
1,2026:06:22 20:05:58,290.5
2,2026:06:22 20:05:58,704.2
3,2026:06:22 20:05:58,397.6
1,2026:06:22 20:06:58,418.5
2,2026:06:22 20:06:58,46.8
3,2026:06:22 20:06:58,134.8
1,2026:06:22 20:07:58,358.1
2,2026:06:22 20:07:58,63.1
3,2026:06:22 20:07:58,64.2
1,2026:06:22 20:08:58,10.5
2,2026:06:22 20:08:58,389.9
3,2026:06:22 20:08:58,415.3
1,2026:06:22 20:09:58,39.9
2,2026:06:22 20:09:58,491.9
3,2026:06:22 20:09:58,351.9
1,2026:06:22 20:10:58,190.0
2,2026:06:22 20:10:58,191.2
3,2026:06:22 20:10:58,179.5
1,2026:06:22 20:11:58,244.6
2,2026:06:22 20:11:58,398.7
3,2026:06:22 20:11:58,389.6
1,2026:06:22 20:12:58,419.5
2,2026:06:22 20:12:58,45.1
3,2026:06:22 20:12:58,338.3
1,2026:06:22 20:13:58,487.3
2,2026:06:22 20:13:58,7.0
3,2026:06:22 20:13:58,540.7
1,2026:06:22 20:14:58,567.1
2,2026:06:22 20:14:58,180.2
3,2026:06:22 20:14:58,655.6
1,2026:06:22 20:15:58,53.6
2,2026:06:22 20:15:58,684.5
3,2026:06:22 20:15:58,555.7
1,2026:06:22 20:16:58,249.5
2,2026:06:22 20:16:58,6.1
3,2026:06:22 20:16:58,643.9
1,2026:06:22 20:17:58,521.7
2,2026:06:22 20:17:58,193.0
3,2026:06:22 20:17:58,275.6
1,2026:06:22 20:18:58,733.1
2,2026:06:22 20:18:58,175.6
3,2026:06:22 20:18:58,97.4
1,2026:06:22 20:19:58,455.5
2,2026:06:22 20:19:58,339.4
3,2026:06:22 20:19:58,76.3
1,2026:06:22 20:20:58,484.1
2,2026:06:22 20:20:58,155.5
3,2026:06:22 20:20:58,652.2
1,2026:06:22 20:21:58,518.4
2,2026:06:22 20:21:58,650.7
3,2026:06:22 20:21:58,23.1
1,2026:06:22 20:22:58,719.2
2,2026:06:22 20:22:58,211.8
3,2026:06:22 20:22:58,109.3
1,2026:06:22 20:23:58,770.8
2,2026:06:22 20:23:58,692.3
3,2026:06:22 20:23:58,173.6
1,2026:06:22 20:24:58,41.0
2,2026:06:22 20:24:58,24.7
3,2026:06:22 20:24:58,190.9
1,2026:06:22 20:25:58,205.1
2,2026:06:22 20:25:58,525.0
3,2026:06:22 20:25:58,126.6
1,2026:06:22 20:26:58,559.0
2,2026:06:22 20:26:58,384.0
3,2026:06:22 20:26:58,544.2
1,2026:06:22 20:27:58,304.6
2,2026:06:22 20:27:58,80.3
3,2026:06:22 20:27:58,509.5
1,2026:06:22 20:28:58,674.2
2,2026:06:22 20:28:58,555.5
3,2026:06:22 20:28:58,186.1
1,2026:06:22 20:29:58,367.0
2,2026:06:22 20:29:58,26.8
3,2026:06:22 20:29:58,21.5
1,2026:06:22 20:30:58,66.7
2,2026:06:22 20:30:58,377.4
3,2026:06:22 20:30:58,276.9
1,2026:06:22 20:31:58,678.3
2,2026:06:22 20:31:58,268.7
3,2026:06:22 20:31:58,16.4
1,2026:06:22 20:32:58,678.0
2,2026:06:22 20:32:58,480.8
3,2026:06:22 20:32:58,730.6
1,2026:06:22 20:33:58,422.5
2,2026:06:22 20:33:58,443.1
3,2026:06:22 20:33:58,81.8
1,2026:06:22 20:34:58,578.7
2,2026:06:22 20:34:58,348.3
3,2026:06:22 20:34:58,740.6
1,2026:06:22 20:35:58,797.1
2,2026:06:22 20:35:58,225.9
3,2026:06:22 20:35:58,32.9
1,2026:06:22 20:36:58,275.2
2,2026:06:22 20:36:58,364.2
3,2026:06:22 20:36:58,23.1
1,2026:06:22 20:37:58,316.1
2,2026:06:22 20:37:58,520.1
3,2026:06:22 20:37:58,592.7
1,2026:06:22 20:38:58,353.4
2,2026:06:22 20:38:58,258.2
3,2026:06:22 20:38:58,395.4
1,2026:06:22 20:39:58,307.0
2,2026:06:22 20:39:58,502.3
3,2026:06:22 20:39:58,399.4
1,2026:06:22 20:40:58,535.0
2,2026:06:22 20:40:58,327.5
3,2026:06:22 20:40:58,774.8
1,2026:06:22 20:41:58,288.2
2,2026:06:22 20:41:58,25.1
3,2026:06:22 20:41:58,522.7
1,2026:06:22 20:42:58,204.7
2,2026:06:22 20:42:58,314.7
3,2026:06:22 20:42:58,191.8
1,2026:06:22 20:43:58,245.1
2,2026:06:22 20:43:58,75.5
3,2026:06:22 20:43:58,53.9
1,2026:06:22 20:44:58,455.7
2,2026:06:22 20:44:58,510.8
3,2026:06:22 20:44:58,343.4
1,2026:06:22 20:45:58,375.6
2,2026:06:22 20:45:58,678.8
3,2026:06:22 20:45:58,262.8
1,2026:06:22 20:46:58,705.2
2,2026:06:22 20:46:58,307.7
3,2026:06:22 20:46:58,240.7
1,2026:06:22 20:47:58,277.2
2,2026:06:22 20:47:58,793.1
3,2026:06:22 20:47:58,23.0
1,2026:06:22 20:48:58,382.9
2,2026:06:22 20:48:58,196.1
3,2026:06:22 20:48:58,76.0
1,2026:06:22 20:49:58,366.2
2,2026:06:22 20:49:58,438.5
3,2026:06:22 20:49:58,38.5
1,2026:06:22 20:50:58,710.7
2,2026:06:22 20:50:58,117.1
3,2026:06:22 20:50:58,355.6
1,2026:06:22 20:51:58,467.9
2,2026:06:22 20:51:58,551.8
3,2026:06:22 20:51:58,151.7
1,2026:06:22 20:52:58,548.3
2,2026:06:22 20:52:58,755.1
3,2026:06:22 20:52:58,327.2
1,2026:06:22 20:53:58,649.7
2,2026:06:22 20:53:58,549.6
3,2026:06:22 20:53:58,139.9
1,2026:06:22 20:54:58,642.8
2,2026:06:22 20:54:58,241.8
3,2026:06:22 20:54:58,646.7
1,2026:06:22 20:55:58,730.6
2,2026:06:22 20:55:58,633.6
3,2026:06:22 20:55:58,656.2
1,2026:06:22 20:56:58,502.6
2,2026:06:22 20:56:58,576.7
3,2026:06:22 20:56:58,554.3
1,2026:06:22 20:57:58,271.3
2,2026:06:22 20:57:58,696.7
3,2026:06:22 20:57:58,87.7
1,2026:06:22 20:58:58,239.2
2,2026:06:22 20:58:58,706.7
3,2026:06:22 20:58:58,12.0
1,2026:06:22 20:59:58,219.4
2,2026:06:22 20:59:58,259.3
3,2026:06:22 20:59:58,448.0
1,2026:06:22 21:00:58,568.2
2,2026:06:22 21:00:58,664.2
3,2026:06:22 21:00:58,753.5
1,2026:06:22 21:01:58,323.9
2,2026:06:22 21:01:58,219.7
3,2026:06:22 21:01:58,210.3
1,2026:06:22 21:02:58,761.1
2,2026:06:22 21:02:58,356.0
3,2026:06:22 21:02:58,471.9
1,2026:06:22 21:03:58,106.0
2,2026:06:22 21:03:58,386.8
3,2026:06:22 21:03:58,493.9
1,2026:06:22 21:04:58,229.1
2,2026:06:22 21:04:58,674.0
3,2026:06:22 21:04:58,737.2
1,2026:06:22 21:05:58,261.4
2,2026:06:22 21:05:58,351.3
3,2026:06:22 21:05:58,354.5
1,2026:06:22 21:06:58,227.8
2,2026:06:22 21:06:58,644.5
3,2026:06:22 21:06:58,379.9
1,2026:06:22 21:07:58,148.6
2,2026:06:22 21:07:58,68.3
3,2026:06:22 21:07:58,658.0
1,2026:06:22 21:08:58,677.7
2,2026:06:22 21:08:58,311.4
3,2026:06:22 21:08:58,263.3
1,2026:06:22 21:09:58,757.4
2,2026:06:22 21:09:58,713.4
3,2026:06:22 21:09:58,40.1
1,2026:06:22 21:10:58,578.4
2,2026:06:22 21:10:58,468.8
3,2026:06:22 21:10:58,490.3
1,2026:06:22 21:11:58,420.4
2,2026:06:22 21:11:58,721.8
3,2026:06:22 21:11:58,307.1
1,2026:06:22 21:12:58,761.3
2,2026:06:22 21:12:58,377.8
3,2026:06:22 21:12:58,629.3
1,2026:06:22 21:13:58,610.6
2,2026:06:22 21:13:58,115.6
3,2026:06:22 21:13:58,723.4
1,2026:06:22 21:14:58,436.1
2,2026:06:22 21:14:58,126.5
3,2026:06:22 21:14:58,735.2
1,2026:06:22 21:15:58,399.5
2,2026:06:22 21:15:58,756.4
3,2026:06:22 21:15:58,462.0
1,2026:06:22 21:16:58,140.3
2,2026:06:22 21:16:58,660.7
3,2026:06:22 21:16:58,35.5
1,2026:06:22 21:17:58,260.3
2,2026:06:22 21:17:58,457.8
3,2026:06:22 21:17:58,461.8
1,2026:06:22 21:18:58,34.9
2,2026:06:22 21:18:58,76.1
3,2026:06:22 21:18:58,453.7
1,2026:06:22 21:19:58,651.5
2,2026:06:22 21:19:58,174.4
3,2026:06:22 21:19:58,19.8
1,2026:06:22 21:20:58,113.8
2,2026:06:22 21:20:58,244.0
3,2026:06:22 21:20:58,477.4
1,2026:06:22 21:21:58,362.2
2,2026:06:22 21:21:58,269.5
3,2026:06:22 21:21:58,502.6
1,2026:06:22 21:22:58,667.0
2,2026:06:22 21:22:58,313.4
3,2026:06:22 21:22:58,611.5
1,2026:06:22 21:23:58,142.8
2,2026:06:22 21:23:58,752.6
3,2026:06:22 21:23:58,670.1
1,2026:06:22 21:24:58,729.4
2,2026:06:22 21:24:58,742.5
3,2026:06:22 21:24:58,411.6
1,2026:06:22 21:25:58,786.9
2,2026:06:22 21:25:58,45.9
3,2026:06:22 21:25:58,753.4
1,2026:06:22 21:26:58,67.2
2,2026:06:22 21:26:58,514.7
3,2026:06:22 21:26:58,372.8
1,2026:06:22 21:27:58,743.6
2,2026:06:22 21:27:58,544.6
3,2026:06:22 21:27:58,77.7
1,2026:06:22 21:28:58,251.7
2,2026:06:22 21:28:58,207.1
3,2026:06:22 21:28:58,782.2
1,2026:06:22 21:29:58,303.1
2,2026:06:22 21:29:58,159.7
3,2026:06:22 21:29:58,75.5
1,2026:06:22 21:30:58,307.2
2,2026:06:22 21:30:58,327.4
3,2026:06:22 21:30:58,543.3
1,2026:06:22 21:31:58,566.2
2,2026:06:22 21:31:58,45.9
3,2026:06:22 21:31:58,260.1
1,2026:06:22 21:32:58,406.3
2,2026:06:22 21:32:58,152.0
3,2026:06:22 21:32:58,66.0
1,2026:06:22 21:33:58,520.4
2,2026:06:22 21:33:58,551.8
3,2026:06:22 21:33:58,609.3
1,2026:06:22 21:34:58,619.6
2,2026:06:22 21:34:58,410.7
3,2026:06:22 21:34:58,227.3
1,2026:06:22 21:35:58,39.2
2,2026:06:22 21:35:58,704.3
3,2026:06:22 21:35:58,520.7
1,2026:06:22 21:36:58,613.8
2,2026:06:22 21:36:58,722.1
3,2026:06:22 21:36:58,53.5
1,2026:06:22 21:37:58,59.0
2,2026:06:22 21:37:58,319.7
3,2026:06:22 21:37:58,485.7
1,2026:06:22 21:38:58,602.7
2,2026:06:22 21:38:58,30.1
3,2026:06:22 21:38:58,132.7
1,2026:06:22 21:39:58,196.2
2,2026:06:22 21:39:58,159.8
3,2026:06:22 21:39:58,190.1
1,2026:06:22 21:40:58,365.9
2,2026:06:22 21:40:58,244.4
3,2026:06:22 21:40:58,232.7
1,2026:06:22 21:41:58,91.3
2,2026:06:22 21:41:58,652.5
3,2026:06:22 21:41:58,768.0
1,2026:06:22 21:42:58,590.5
2,2026:06:22 21:42:58,262.8
3,2026:06:22 21:42:58,466.0
1,2026:06:22 21:43:58,768.9
2,2026:06:22 21:43:58,32.3
3,2026:06:22 21:43:58,541.4
1,2026:06:22 21:44:58,84.4
2,2026:06:22 21:44:58,354.7
3,2026:06:22 21:44:58,288.6
1,2026:06:22 21:45:58,706.3
2,2026:06:22 21:45:58,312.1
3,2026:06:22 21:45:58,230.4
1,2026:06:22 21:46:58,483.4
2,2026:06:22 21:46:58,733.6
3,2026:06:22 21:46:58,640.7
1,2026:06:22 21:47:58,118.0
2,2026:06:22 21:47:58,191.2
3,2026:06:22 21:47:58,608.9
1,2026:06:22 21:48:58,487.5
2,2026:06:22 21:48:58,634.0
3,2026:06:22 21:48:58,83.4
1,2026:06:22 21:49:58,134.5
2,2026:06:22 21:49:58,716.5
3,2026:06:22 21:49:58,124.8
1,2026:06:22 21:50:58,434.1
2,2026:06:22 21:50:58,157.4
3,2026:06:22 21:50:58,478.2
1,2026:06:22 21:51:58,330.5
2,2026:06:22 21:51:58,624.0
3,2026:06:22 21:51:58,435.3
1,2026:06:22 21:52:58,442.3
2,2026:06:22 21:52:58,789.3
3,2026:06:22 21:52:58,480.8
1,2026:06:22 21:53:58,744.9
2,2026:06:22 21:53:58,372.7
3,2026:06:22 21:53:58,46.3
1,2026:06:22 21:54:58,381.2
2,2026:06:22 21:54:58,149.4
3,2026:06:22 21:54:58,367.6
1,2026:06:22 21:55:58,535.0
2,2026:06:22 21:55:58,234.2
3,2026:06:22 21:55:58,76.0
1,2026:06:22 21:56:58,645.7
2,2026:06:22 21:56:58,596.7
3,2026:06:22 21:56:58,325.8
1,2026:06:22 21:57:58,667.4
2,2026:06:22 21:57:58,326.3
3,2026:06:22 21:57:58,685.2
1,2026:06:22 21:58:58,678.8
2,2026:06:22 21:58:58,447.0
3,2026:06:22 21:58:58,218.4
1,2026:06:22 21:59:58,475.4
2,2026:06:22 21:59:58,267.7
3,2026:06:22 21:59:58,491.1
1,2026:06:22 22:00:58,768.6
2,2026:06:22 22:00:58,362.1
3,2026:06:22 22:00:58,287.9
1,2026:06:22 22:01:58,746.8
2,2026:06:22 22:01:58,414.4
3,2026:06:22 22:01:58,370.3
1,2026:06:22 22:02:58,285.1
2,2026:06:22 22:02:58,89.8
3,2026:06:22 22:02:58,463.7
1,2026:06:22 22:03:58,749.0
2,2026:06:22 22:03:58,638.1
3,2026:06:22 22:03:58,297.0
1,2026:06:22 22:04:58,639.2
2,2026:06:22 22:04:58,542.2
3,2026:06:22 22:04:58,582.7
1,2026:06:22 22:05:58,648.4
2,2026:06:22 22:05:58,251.1
3,2026:06:22 22:05:58,8.6
1,2026:06:22 22:06:58,623.6
2,2026:06:22 22:06:58,207.6
3,2026:06:22 22:06:58,678.2
1,2026:06:22 22:07:58,406.7
2,2026:06:22 22:07:58,615.5
3,2026:06:22 22:07:58,217.8
1,2026:06:22 22:08:58,573.2
2,2026:06:22 22:08:58,688.0
3,2026:06:22 22:08:58,301.7
1,2026:06:22 22:09:58,377.4
2,2026:06:22 22:09:58,395.5
3,2026:06:22 22:09:58,314.5
1,2026:06:22 22:10:58,643.7
2,2026:06:22 22:10:58,636.2
3,2026:06:22 22:10:58,481.5
1,2026:06:22 22:11:58,503.0
2,2026:06:22 22:11:58,649.7
3,2026:06:22 22:11:58,144.7
1,2026:06:22 22:12:58,757.1
2,2026:06:22 22:12:58,693.6
3,2026:06:22 22:12:58,151.1
1,2026:06:22 22:13:58,345.3
2,2026:06:22 22:13:58,65.2
3,2026:06:22 22:13:58,791.9
1,2026:06:22 22:14:58,417.8
2,2026:06:22 22:14:58,413.2
3,2026:06:22 22:14:58,613.6
1,2026:06:22 22:15:58,154.5
2,2026:06:22 22:15:58,637.7
3,2026:06:22 22:15:58,301.4
1,2026:06:22 22:16:58,240.5
2,2026:06:22 22:16:58,289.2
3,2026:06:22 22:16:58,593.5
1,2026:06:22 22:17:58,663.3
2,2026:06:22 22:17:58,142.4
3,2026:06:22 22:17:58,98.8
1,2026:06:22 22:18:58,362.3
2,2026:06:22 22:18:58,316.8
3,2026:06:22 22:18:58,51.9
1,2026:06:22 22:19:58,551.5
2,2026:06:22 22:19:58,167.4
3,2026:06:22 22:19:58,525.7
1,2026:06:22 22:20:58,584.7
2,2026:06:22 22:20:58,366.7
3,2026:06:22 22:20:58,201.4
1,2026:06:22 22:21:58,36.3
2,2026:06:22 22:21:58,291.9
3,2026:06:22 22:21:58,550.6
1,2026:06:22 22:22:58,311.2
2,2026:06:22 22:22:58,735.9
3,2026:06:22 22:22:58,47.8
1,2026:06:22 22:23:58,18.0
2,2026:06:22 22:23:58,735.5
3,2026:06:22 22:23:58,98.6
1,2026:06:22 22:24:58,98.0
2,2026:06:22 22:24:58,212.2
3,2026:06:22 22:24:58,50.3
1,2026:06:22 22:25:58,727.0
2,2026:06:22 22:25:58,232.4
3,2026:06:22 22:25:58,45.6
1,2026:06:22 22:26:58,354.6
2,2026:06:22 22:26:58,7.9
3,2026:06:22 22:26:58,285.8
1,2026:06:22 22:27:58,210.8
2,2026:06:22 22:27:58,497.0
3,2026:06:22 22:27:58,249.9
1,2026:06:22 22:28:58,465.5
2,2026:06:22 22:28:58,22.7
3,2026:06:22 22:28:58,135.8
1,2026:06:22 22:29:58,379.5
2,2026:06:22 22:29:58,688.9
3,2026:06:22 22:29:58,345.0
1,2026:06:22 22:30:58,123.7
2,2026:06:22 22:30:58,338.9
3,2026:06:22 22:30:58,140.4
1,2026:06:22 22:31:58,341.3
2,2026:06:22 22:31:58,138.5
3,2026:06:22 22:31:58,794.7
1,2026:06:22 22:32:58,616.1
2,2026:06:22 22:32:58,304.7
3,2026:06:22 22:32:58,539.6
1,2026:06:22 22:33:58,226.4
2,2026:06:22 22:33:58,387.5
3,2026:06:22 22:33:58,401.9
1,2026:06:22 22:34:58,111.4
2,2026:06:22 22:34:58,83.2
3,2026:06:22 22:34:58,134.4
1,2026:06:22 22:35:58,388.9
2,2026:06:22 22:35:58,29.8
3,2026:06:22 22:35:58,346.1
1,2026:06:22 22:36:58,667.8
2,2026:06:22 22:36:58,565.7
3,2026:06:22 22:36:58,796.6
1,2026:06:22 22:37:58,521.5
2,2026:06:22 22:37:58,87.4
3,2026:06:22 22:37:58,768.2
1,2026:06:22 22:38:58,532.6
2,2026:06:22 22:38:58,220.0
3,2026:06:22 22:38:58,3.9
1,2026:06:22 22:39:58,516.0
2,2026:06:22 22:39:58,7.9
3,2026:06:22 22:39:58,704.4
1,2026:06:22 22:40:58,731.5
2,2026:06:22 22:40:58,698.4
3,2026:06:22 22:40:58,587.4
1,2026:06:22 22:41:58,109.2
2,2026:06:22 22:41:58,452.5
3,2026:06:22 22:41:58,582.2
1,2026:06:22 22:42:58,660.1
2,2026:06:22 22:42:58,144.2
3,2026:06:22 22:42:58,667.5
1,2026:06:22 22:43:58,543.9
2,2026:06:22 22:43:58,312.4
3,2026:06:22 22:43:58,291.1
1,2026:06:22 22:44:58,694.5
2,2026:06:22 22:44:58,691.3
3,2026:06:22 22:44:58,578.3
1,2026:06:22 22:45:58,315.4
2,2026:06:22 22:45:58,296.8
3,2026:06:22 22:45:58,744.6
1,2026:06:22 22:46:58,695.8
2,2026:06:22 22:46:58,23.5
3,2026:06:22 22:46:58,327.1
1,2026:06:22 22:47:58,682.0
2,2026:06:22 22:47:58,281.3
3,2026:06:22 22:47:58,431.6
1,2026:06:22 22:48:58,48.3
2,2026:06:22 22:48:58,276.5
3,2026:06:22 22:48:58,439.2
1,2026:06:22 22:49:58,423.6
2,2026:06:22 22:49:58,255.8
3,2026:06:22 22:49:58,686.0
1,2026:06:22 22:50:58,734.1
2,2026:06:22 22:50:58,73.1
3,2026:06:22 22:50:58,500.6
1,2026:06:22 22:51:58,285.6
2,2026:06:22 22:51:58,220.9
3,2026:06:22 22:51:58,326.7
1,2026:06:22 22:52:58,222.5
2,2026:06:22 22:52:58,203.1
3,2026:06:22 22:52:58,596.4
1,2026:06:22 22:53:58,431.1
2,2026:06:22 22:53:58,56.8
3,2026:06:22 22:53:58,702.0
1,2026:06:22 22:54:58,205.9
2,2026:06:22 22:54:58,402.5
3,2026:06:22 22:54:58,169.8
1,2026:06:22 22:55:58,749.1
2,2026:06:22 22:55:58,242.4
3,2026:06:22 22:55:58,666.0
1,2026:06:22 22:56:58,304.8
2,2026:06:22 22:56:58,310.0
3,2026:06:22 22:56:58,404.5
1,2026:06:22 22:57:58,633.7
2,2026:06:22 22:57:58,682.9
3,2026:06:22 22:57:58,378.3
1,2026:06:22 22:58:58,781.2
2,2026:06:22 22:58:58,163.9
3,2026:06:22 22:58:58,740.0
1,2026:06:22 22:59:58,506.2
2,2026:06:22 22:59:58,524.7
3,2026:06:22 22:59:58,755.9
1,2026:06:22 23:00:58,754.6
2,2026:06:22 23:00:58,427.8
3,2026:06:22 23:00:58,248.0
1,2026:06:22 23:01:58,703.7
2,2026:06:22 23:01:58,67.5
3,2026:06:22 23:01:58,588.7
1,2026:06:22 23:02:58,273.9
2,2026:06:22 23:02:58,650.1
3,2026:06:22 23:02:58,417.1
1,2026:06:22 23:03:58,705.9
2,2026:06:22 23:03:58,338.1
3,2026:06:22 23:03:58,655.1
1,2026:06:22 23:04:58,621.8
2,2026:06:22 23:04:58,162.2
3,2026:06:22 23:04:58,259.8
1,2026:06:22 23:05:58,78.5
2,2026:06:22 23:05:58,126.6
3,2026:06:22 23:05:58,502.6
1,2026:06:22 23:06:58,141.1
2,2026:06:22 23:06:58,670.7
3,2026:06:22 23:06:58,581.3
1,2026:06:22 23:07:58,618.3
2,2026:06:22 23:07:58,328.3
3,2026:06:22 23:07:58,772.4
1,2026:06:22 23:08:58,366.5
2,2026:06:22 23:08:58,274.1
3,2026:06:22 23:08:58,152.3
1,2026:06:22 23:09:58,798.4
2,2026:06:22 23:09:58,312.9
3,2026:06:22 23:09:58,206.4
1,2026:06:22 23:10:58,713.6
2,2026:06:22 23:10:58,357.1
3,2026:06:22 23:10:58,516.4
1,2026:06:22 23:11:58,424.3
2,2026:06:22 23:11:58,214.4
3,2026:06:22 23:11:58,744.4
1,2026:06:22 23:12:58,53.6
2,2026:06:22 23:12:58,791.8
3,2026:06:22 23:12:58,394.7
1,2026:06:22 23:13:58,135.9
2,2026:06:22 23:13:58,609.1
3,2026:06:22 23:13:58,456.2
1,2026:06:22 23:14:58,654.2
2,2026:06:22 23:14:58,128.4
3,2026:06:22 23:14:58,596.8
1,2026:06:22 23:15:58,10.4
2,2026:06:22 23:15:58,359.5
3,2026:06:22 23:15:58,634.8
1,2026:06:22 23:16:58,142.6
2,2026:06:22 23:16:58,743.3
3,2026:06:22 23:16:58,243.1
1,2026:06:22 23:17:58,519.5
2,2026:06:22 23:17:58,346.0
3,2026:06:22 23:17:58,599.4
1,2026:06:22 23:18:58,38.3
2,2026:06:22 23:18:58,757.0
3,2026:06:22 23:18:58,197.8
1,2026:06:22 23:19:58,481.7
2,2026:06:22 23:19:58,476.3
3,2026:06:22 23:19:58,374.1
1,2026:06:22 23:20:58,438.7
2,2026:06:22 23:20:58,476.0
3,2026:06:22 23:20:58,52.1
1,2026:06:22 23:21:58,165.5
2,2026:06:22 23:21:58,251.4
3,2026:06:22 23:21:58,51.8
1,2026:06:22 23:22:58,352.9
2,2026:06:22 23:22:58,103.0
3,2026:06:22 23:22:58,753.9
1,2026:06:22 23:23:58,676.1
2,2026:06:22 23:23:58,571.5
3,2026:06:22 23:23:58,209.6
1,2026:06:22 23:24:58,388.8
2,2026:06:22 23:24:58,360.4
3,2026:06:22 23:24:58,368.2
1,2026:06:22 23:25:58,647.1
2,2026:06:22 23:25:58,443.2
3,2026:06:22 23:25:58,635.0
1,2026:06:22 23:26:58,159.7
2,2026:06:22 23:26:58,155.5
3,2026:06:22 23:26:58,78.2
1,2026:06:22 23:27:58,79.3
2,2026:06:22 23:27:58,171.4
3,2026:06:22 23:27:58,562.0
1,2026:06:22 23:28:58,92.8
2,2026:06:22 23:28:58,467.5
3,2026:06:22 23:28:58,16.3
1,2026:06:22 23:29:58,73.6
2,2026:06:22 23:29:58,632.2
3,2026:06:22 23:29:58,377.7
1,2026:06:22 23:30:58,671.5
2,2026:06:22 23:30:58,443.2
3,2026:06:22 23:30:58,215.6
1,2026:06:22 23:31:58,192.3
2,2026:06:22 23:31:58,250.5
3,2026:06:22 23:31:58,364.4
1,2026:06:22 23:32:58,76.0
2,2026:06:22 23:32:58,198.0
3,2026:06:22 23:32:58,190.3
1,2026:06:22 23:33:58,371.1
2,2026:06:22 23:33:58,384.4
3,2026:06:22 23:33:58,507.0
1,2026:06:22 23:34:58,561.6
2,2026:06:22 23:34:58,247.2
3,2026:06:22 23:34:58,352.9
1,2026:06:22 23:35:58,665.6
2,2026:06:22 23:35:58,511.1
3,2026:06:22 23:35:58,737.1
1,2026:06:22 23:36:58,296.0
2,2026:06:22 23:36:58,202.5
3,2026:06:22 23:36:58,378.6
1,2026:06:22 23:37:58,123.0
2,2026:06:22 23:37:58,382.5
3,2026:06:22 23:37:58,383.5
1,2026:06:22 23:38:58,727.6
2,2026:06:22 23:38:58,431.3
3,2026:06:22 23:38:58,65.6
1,2026:06:22 23:39:58,310.2
2,2026:06:22 23:39:58,18.9
3,2026:06:22 23:39:58,6.1
1,2026:06:22 23:40:58,236.7
2,2026:06:22 23:40:58,203.1
3,2026:06:22 23:40:58,605.2
1,2026:06:22 23:41:58,735.4
2,2026:06:22 23:41:58,15.3
3,2026:06:22 23:41:58,11.8
1,2026:06:22 23:42:58,388.0
2,2026:06:22 23:42:58,458.5
3,2026:06:22 23:42:58,771.6
1,2026:06:22 23:43:58,367.6
2,2026:06:22 23:43:58,431.6
3,2026:06:22 23:43:58,23.2
1,2026:06:22 23:44:58,416.8
2,2026:06:22 23:44:58,423.3
3,2026:06:22 23:44:58,462.5
1,2026:06:22 23:45:58,316.8
2,2026:06:22 23:45:58,163.0
3,2026:06:22 23:45:58,82.7
1,2026:06:22 23:46:58,244.9
2,2026:06:22 23:46:58,37.0
3,2026:06:22 23:46:58,687.5
1,2026:06:22 23:47:58,106.0
2,2026:06:22 23:47:58,780.4
3,2026:06:22 23:47:58,464.6
1,2026:06:22 23:48:58,416.0
2,2026:06:22 23:48:58,239.6
3,2026:06:22 23:48:58,196.6
1,2026:06:22 23:49:58,796.4
2,2026:06:22 23:49:58,105.5
3,2026:06:22 23:49:58,393.8
1,2026:06:22 23:50:58,713.8
2,2026:06:22 23:50:58,360.0
3,2026:06:22 23:50:58,490.9
1,2026:06:22 23:51:58,263.0
2,2026:06:22 23:51:58,181.1
3,2026:06:22 23:51:58,416.1
1,2026:06:22 23:52:58,683.6
2,2026:06:22 23:52:58,464.0
3,2026:06:22 23:52:58,189.6
1,2026:06:22 23:53:58,74.0
2,2026:06:22 23:53:58,201.9
3,2026:06:22 23:53:58,205.8
1,2026:06:22 23:54:58,789.5
2,2026:06:22 23:54:58,169.9
3,2026:06:22 23:54:58,14.6
1,2026:06:22 23:55:58,742.4
2,2026:06:22 23:55:58,370.1
3,2026:06:22 23:55:58,531.9
1,2026:06:22 23:56:58,792.4
2,2026:06:22 23:56:58,511.0
3,2026:06:22 23:56:58,633.5
1,2026:06:22 23:57:58,439.8
2,2026:06:22 23:57:58,223.8
3,2026:06:22 23:57:58,317.3
1,2026:06:22 23:58:58,97.8
2,2026:06:22 23:58:58,505.5
3,2026:06:22 23:58:58,127.9
1,2026:06:22 23:59:58,125.1
2,2026:06:22 23:59:58,442.1
3,2026:06:22 23:59:58,656.7
